<?xml version="1.0" encoding="UTF-8" standalone="yes"?>
<addon id="plugin.video.chronos"
       name="[COLOR yellow]chronos[/COLOR]"
       version="1.0.0"
       provider-name="ToneteSoft">
  <requires>
    <import addon="xbmc.python" version="2.1.0"/>
    <import addon="script.module.beautifulsoup" version="3.2.1"/>
    <import addon="script.module.simple.downloader" version="0.9.4"/>
    <import addon="script.module.beautifulsoup4" />
    <import addon="script.module.requests" />
    <import addon="script.module.httplib2" />
    <import addon="script.module.youtube.dl" optional="true"/>
    <import addon="plugin.video.youtube" optional="true" />
    <import addon="script.module.urlresolver" version="3.0.21"/>
    <import addon="script.module.simplejson" version="3.3.0"/>  
    <import addon="script.module.livestreamer" optional="true"/>
  </requires>
  <extension point="xbmc.python.pluginsource" library="default.py">
    <provides>video</provides>
  </extension>
   <extension point="xbmc.addon.metadata">
     <summary lang="en">Lista de canales chronos</summary>
    <description lang="en">CANALES RETRASMITIDOS POR INTERNET Y OTRAS PLATAFORMAS</description>
   <description>
       .
	   Disfruten de este contenido totalmente gratis.
        
    </description>
    <platform>all</platform>
  </extension>
</addon>
