<?xml version="1.0" encoding="UTF-8"?>
<addon
  id="plugin.video.SportsDevil"
  version="999920161023"
  name="SportsDevil"
  provider-name="SportsDevil">
  <requires>
   <import addon="xbmc.python" version="2.14.0"/>
   <import addon="script.module.simplejson" />
   <import addon="script.module.six" />
   <import addon="script.module.requests" />
   <import addon="script.module.livestreamer" />
   <import addon="script.module.pydevd" version="4.4.0" optional="true"/>
  </requires>
  <extension 
    point="xbmc.python.pluginsource"
    library="default.py">
   <provides>video</provides>
  </extension>
  <extension point="xbmc.addon.metadata">
    <summary>Ya me cansé de ponerlo en Inglés... a partir de ahora todo en Español, el mejor idioma del mundo :-)</summary>
    <description>Para poder ver múltiples enlaces de canales, tanto en los módulos como en 'llamadas' desde otros plugins... Modificado por DarioMO: 23/10/2016 (de la versión de Hubba del 10/10/2016 y Jairox 12/10/2016)... +Info en Registro de Cambios (Gracias Goldonx, Nano, JairoX y JxxxxxX!!)... Soporte para llamadas p2p con PluginS p2pStreamS y PLEXUS</description>
    <license>GNU GENERAL PUBLIC LICENSE. Version 2, June 1991</license>
    <platform>all</platform>
  </extension>
</addon>
