<?xml version="1.0" encoding="UTF-8" standalone="yes"?>
<addon id="repository.CronnosTeam" name="CronnosTeam Repositorio oficial" version="2.1.1" provider-name="CronnosTeam">
	<extension point="xbmc.addon.repository" name="CronnosTeam Repositorio oficial">
		<info compressed="false">http://raw.github.com/RepositorioChronnos/CronnosTeam/master/addons.xml</info>
		<checksum>http://raw.github.com/RepositorioChronnos/CronnosTeam/master/addons.xml.md5</checksum>
		<datadir zip="true">http://raw.github.com/RepositorioChronnos/CronnosTeam/master/zips</datadir>
	</extension>
	<extension point="xbmc.addon.metadata">
		<summary>Repositorio Oficial CronnosTeam</summary>
   		<description>Instala los Addons de CronnosTeam.</description>
		<disclaimer></disclaimer>
		<platform>all</platform>
	</extension>
</addon>
